timestamp,src_ip,dst_ip,protocol,src_port,dst_port,packet_size,flags
2026-05-29 05:28:45,192.168.29.1,224.0.0.1,OTHER,0,0,60,
2026-05-29 05:28:45,192.168.29.53,192.168.29.1,UDP,55305,53,79,
2026-05-29 05:28:45,192.168.29.53,192.168.29.1,UDP,35190,53,79,
2026-05-29 05:28:45,192.168.29.53,192.168.29.1,UDP,35190,53,79,
2026-05-29 05:28:45,192.168.29.1,192.168.29.53,UDP,53,35190,95,
2026-05-29 05:28:45,192.168.29.1,192.168.29.53,UDP,53,35190,107,
2026-05-29 05:28:45,192.168.29.1,192.168.29.53,UDP,53,55305,129,
2026-05-29 05:28:45,192.168.29.53,192.168.29.1,UDP,49243,53,79,
2026-05-29 05:28:45,192.168.29.53,192.168.29.1,UDP,49243,53,79,
2026-05-29 05:28:45,192.168.29.1,192.168.29.53,UDP,53,49243,95,
2026-05-29 05:28:45,192.168.29.1,192.168.29.53,UDP,53,49243,107,
2026-05-29 05:28:46,192.168.29.99,224.0.0.22,OTHER,0,0,60,
2026-05-29 05:28:50,192.168.29.99,224.0.0.22,OTHER,0,0,60,
2026-05-29 05:28:52,192.168.29.99,224.0.0.22,OTHER,0,0,60,
2026-05-29 05:28:56,192.168.29.53,192.168.29.1,UDP,45707,53,92,
2026-05-29 05:28:56,192.168.29.53,192.168.29.1,UDP,45707,53,92,
2026-05-29 05:28:56,192.168.29.1,192.168.29.53,UDP,53,45707,108,
2026-05-29 05:28:56,192.168.29.1,192.168.29.53,UDP,53,45707,120,
2026-05-29 05:28:58,34.117.95.95,192.168.29.53,TCP,443,36506,101,PA
2026-05-29 05:28:58,192.168.29.53,34.117.95.95,TCP,36506,443,66,A
2026-05-29 05:29:05,192.168.29.1,224.0.0.1,OTHER,0,0,60,
2026-05-29 05:29:07,192.168.29.53,192.168.29.1,UDP,58204,53,91,
2026-05-29 05:29:07,192.168.29.53,192.168.29.1,UDP,40058,53,91,
2026-05-29 05:29:07,192.168.29.53,192.168.29.1,UDP,40058,53,91,
2026-05-29 05:29:07,192.168.29.1,192.168.29.53,UDP,53,58204,141,
2026-05-29 05:29:07,192.168.29.1,192.168.29.53,UDP,53,40058,119,
2026-05-29 05:29:07,192.168.29.1,192.168.29.53,UDP,53,40058,107,
2026-05-29 05:29:10,192.168.29.99,224.0.0.22,OTHER,0,0,60,
2026-05-29 05:29:11,192.168.29.99,224.0.0.22,OTHER,0,0,60,
2026-05-29 05:29:14,192.168.29.99,224.0.0.22,OTHER,0,0,60,
2026-05-29 05:29:25,192.168.29.1,224.0.0.1,OTHER,0,0,60,
2026-05-29 05:29:25,192.168.29.99,224.0.0.22,OTHER,0,0,62,
2026-05-29 05:29:26,192.168.29.1,192.168.29.53,ICMP,0,0,60,
2026-05-29 05:29:26,192.168.29.53,192.168.29.1,ICMP,0,0,46,
2026-05-29 05:29:28,34.117.95.95,192.168.29.53,TCP,443,36506,101,PA
2026-05-29 05:29:28,192.168.29.53,34.117.95.95,TCP,36506,443,66,A
2026-05-29 05:29:30,192.168.29.53,34.107.243.93,TCP,44176,443,105,PA
2026-05-29 05:29:30,192.168.29.53,34.107.243.93,TCP,44176,443,90,PA
2026-05-29 05:29:30,192.168.29.53,34.107.243.93,TCP,44176,443,66,FA
2026-05-29 05:29:30,34.107.243.93,192.168.29.53,TCP,443,44176,66,FA
2026-05-29 05:29:30,34.107.243.93,192.168.29.53,TCP,443,44176,66,A
2026-05-29 05:29:30,192.168.29.53,34.107.243.93,TCP,44176,443,66,A
2026-05-29 05:29:31,192.168.29.99,224.0.0.22,OTHER,0,0,60,
2026-05-29 05:29:34,192.168.29.1,192.168.29.53,UDP,57346,7,60,
2026-05-29 05:29:34,192.168.29.53,192.168.29.1,ICMP,0,0,71,
2026-05-29 05:29:38,192.168.29.53,192.168.29.1,UDP,52242,53,75,
2026-05-29 05:29:38,192.168.29.53,192.168.29.1,UDP,52242,53,75,
2026-05-29 05:29:38,192.168.29.1,192.168.29.53,UDP,53,52242,127,
2026-05-29 05:29:38,192.168.29.1,192.168.29.53,UDP,53,52242,139,
2026-05-29 05:29:45,192.168.29.1,224.0.0.1,OTHER,0,0,60,
2026-05-29 05:29:45,192.168.29.99,224.0.0.22,OTHER,0,0,60,
2026-05-29 05:29:49,192.168.29.99,224.0.0.22,OTHER,0,0,60,
2026-05-29 05:29:53,192.168.29.99,224.0.0.22,OTHER,0,0,60,
2026-05-29 05:29:59,34.117.95.95,192.168.29.53,TCP,443,36506,101,PA
2026-05-29 05:29:59,192.168.29.53,34.117.95.95,TCP,36506,443,66,A
2026-05-29 05:30:05,192.168.29.1,224.0.0.1,OTHER,0,0,60,
2026-05-29 05:30:08,192.168.29.99,224.0.0.22,OTHER,0,0,60,
2026-05-29 05:30:11,192.168.29.99,224.0.0.22,OTHER,0,0,60,
2026-05-29 05:30:12,192.168.29.53,192.168.29.1,UDP,59360,53,91,
2026-05-29 05:30:12,192.168.29.53,192.168.29.1,UDP,59360,53,91,
2026-05-29 05:30:12,192.168.29.1,192.168.29.53,UDP,53,59360,107,
2026-05-29 05:30:12,192.168.29.1,192.168.29.53,UDP,53,59360,119,
2026-05-29 05:30:14,192.168.29.99,224.0.0.22,OTHER,0,0,60,
2026-05-29 05:30:26,192.168.29.1,224.0.0.1,OTHER,0,0,60,
2026-05-29 05:30:29,34.117.95.95,192.168.29.53,TCP,443,36506,101,PA
2026-05-29 05:30:29,192.168.29.53,34.117.95.95,TCP,36506,443,66,A
2026-05-29 05:30:29,192.168.29.99,224.0.0.22,OTHER,0,0,60,
2026-05-29 05:30:30,192.168.29.99,224.0.0.22,OTHER,0,0,60,
2026-05-29 05:30:35,192.168.29.99,224.0.0.22,OTHER,0,0,60,
2026-05-29 05:30:45,192.168.29.1,224.0.0.1,OTHER,0,0,60,
2026-05-29 05:30:46,192.168.29.99,224.0.0.22,OTHER,0,0,60,
2026-05-29 05:30:46,192.168.29.99,224.0.0.22,OTHER,0,0,60,
2026-05-29 05:30:54,192.168.29.99,224.0.0.22,OTHER,0,0,60,
2026-05-29 05:30:56,192.168.29.1,192.168.29.53,ICMP,0,0,60,
2026-05-29 05:30:56,192.168.29.53,192.168.29.1,ICMP,0,0,46,
2026-05-29 05:30:59,34.117.95.95,192.168.29.53,TCP,443,36506,101,PA
2026-05-29 05:30:59,192.168.29.53,34.117.95.95,TCP,36506,443,66,A
2026-05-29 05:31:04,192.168.29.1,192.168.29.53,UDP,57346,7,60,
2026-05-29 05:31:04,192.168.29.53,192.168.29.1,ICMP,0,0,71,
2026-05-29 05:31:05,192.168.29.1,224.0.0.1,OTHER,0,0,60,
2026-05-29 05:31:07,192.168.29.99,224.0.0.22,OTHER,0,0,60,
2026-05-29 05:31:10,192.168.29.99,224.0.0.22,OTHER,0,0,60,
2026-05-29 05:31:15,192.168.29.99,224.0.0.22,OTHER,0,0,60,
2026-05-29 05:31:24,192.168.29.53,192.168.29.1,UDP,33084,53,92,
2026-05-29 05:31:24,192.168.29.53,192.168.29.1,UDP,33084,53,92,
2026-05-29 05:31:24,192.168.29.53,192.168.29.1,UDP,53232,53,92,
2026-05-29 05:31:24,192.168.29.53,192.168.29.1,UDP,53232,53,92,
2026-05-29 05:31:24,192.168.29.1,192.168.29.53,UDP,53,33084,120,
2026-05-29 05:31:24,192.168.29.1,192.168.29.53,UDP,53,53232,120,
2026-05-29 05:31:24,192.168.29.1,192.168.29.53,UDP,53,33084,108,
2026-05-29 05:31:24,192.168.29.1,192.168.29.53,UDP,53,53232,108,
2026-05-29 05:31:26,192.168.29.1,224.0.0.1,OTHER,0,0,60,
2026-05-29 05:31:29,192.168.29.99,224.0.0.22,OTHER,0,0,60,
2026-05-29 05:31:30,34.117.95.95,192.168.29.53,TCP,443,36506,101,PA
2026-05-29 05:31:30,192.168.29.53,34.117.95.95,TCP,36506,443,66,A
2026-05-29 05:31:31,192.168.29.99,224.0.0.22,OTHER,0,0,60,
2026-05-29 05:31:35,192.168.29.99,224.0.0.22,OTHER,0,0,60,
2026-05-29 05:31:41,34.107.243.93,192.168.29.53,TCP,443,44188,90,PA
2026-05-29 05:31:41,192.168.29.53,34.107.243.93,TCP,44188,443,66,A
2026-05-29 05:31:41,192.168.29.53,34.107.243.93,TCP,44188,443,94,PA
2026-05-29 05:31:41,34.107.243.93,192.168.29.53,TCP,443,44188,66,A
2026-05-29 05:31:46,192.168.29.1,224.0.0.1,OTHER,0,0,60,
2026-05-29 05:31:46,192.168.29.99,224.0.0.22,OTHER,0,0,60,
2026-05-29 05:31:47,192.168.29.99,224.0.0.22,OTHER,0,0,62,
2026-05-29 05:32:00,34.117.95.95,192.168.29.53,TCP,443,36506,101,PA
2026-05-29 05:32:00,192.168.29.53,34.117.95.95,TCP,36506,443,66,A
2026-05-29 05:32:06,192.168.29.1,224.0.0.1,OTHER,0,0,60,
2026-05-29 05:32:06,192.168.29.99,224.0.0.22,OTHER,0,0,62,
2026-05-29 05:32:07,192.168.29.99,224.0.0.22,OTHER,0,0,60,
2026-05-29 05:32:26,192.168.29.1,224.0.0.1,OTHER,0,0,60,
2026-05-29 05:32:28,192.168.29.99,224.0.0.22,OTHER,0,0,60,
2026-05-29 05:32:30,192.168.29.99,224.0.0.22,OTHER,0,0,60,
2026-05-29 05:32:30,34.117.95.95,192.168.29.53,TCP,443,36506,101,PA
2026-05-29 05:32:30,192.168.29.53,34.117.95.95,TCP,36506,443,66,A
2026-05-29 05:32:33,192.168.29.99,224.0.0.22,OTHER,0,0,60,
2026-05-29 05:32:34,192.168.29.1,192.168.29.53,UDP,57346,7,60,
2026-05-29 05:32:34,192.168.29.53,192.168.29.1,ICMP,0,0,71,
2026-05-29 05:32:43,192.168.29.1,192.168.29.53,ICMP,0,0,60,
2026-05-29 05:32:43,192.168.29.53,192.168.29.1,ICMP,0,0,46,
2026-05-29 05:32:46,192.168.29.1,224.0.0.1,OTHER,0,0,60,
2026-05-29 05:32:47,192.168.29.99,224.0.0.22,OTHER,0,0,60,
2026-05-29 05:32:48,192.168.29.99,224.0.0.22,OTHER,0,0,60,
2026-05-29 05:32:52,192.168.29.99,224.0.0.22,OTHER,0,0,60,
2026-05-29 05:33:01,34.117.95.95,192.168.29.53,TCP,443,36506,101,PA
2026-05-29 05:33:01,192.168.29.53,34.117.95.95,TCP,36506,443,66,A
2026-05-29 05:33:06,192.168.29.1,224.0.0.1,OTHER,0,0,60,
2026-05-29 05:33:09,192.168.29.99,224.0.0.22,OTHER,0,0,60,
2026-05-29 05:33:11,192.168.29.53,192.168.29.1,UDP,38509,53,91,
2026-05-29 05:33:11,192.168.29.1,192.168.29.53,UDP,53,38509,107,
2026-05-29 05:33:11,192.168.29.53,192.168.29.1,UDP,38509,53,91,
2026-05-29 05:33:11,192.168.29.1,192.168.29.53,UDP,53,38509,119,
2026-05-29 05:33:12,192.168.29.53,192.168.29.1,UDP,41922,53,92,
2026-05-29 05:33:12,192.168.29.53,192.168.29.1,UDP,59350,53,92,
2026-05-29 05:33:12,192.168.29.53,192.168.29.1,UDP,59350,53,92,
2026-05-29 05:33:12,192.168.29.1,192.168.29.53,UDP,53,59350,120,
2026-05-29 05:33:12,192.168.29.1,192.168.29.53,UDP,53,41922,182,
2026-05-29 05:33:12,192.168.29.1,192.168.29.53,UDP,53,59350,108,
2026-05-29 05:33:12,192.168.29.53,192.168.29.1,UDP,57413,53,92,
2026-05-29 05:33:12,192.168.29.53,192.168.29.1,UDP,57413,53,92,
2026-05-29 05:33:12,192.168.29.1,192.168.29.53,UDP,53,57413,108,
2026-05-29 05:33:12,192.168.29.1,192.168.29.53,UDP,53,57413,120,
2026-05-29 05:33:14,192.168.29.99,224.0.0.22,OTHER,0,0,60,
2026-05-29 05:33:15,192.168.29.99,224.0.0.22,OTHER,0,0,60,
2026-05-29 05:33:26,192.168.29.1,224.0.0.1,OTHER,0,0,60,
2026-05-29 05:33:26,192.168.29.99,224.0.0.22,OTHER,0,0,60,
2026-05-29 05:33:27,192.168.29.99,224.0.0.22,OTHER,0,0,60,
2026-05-29 05:33:30,192.168.29.99,224.0.0.22,OTHER,0,0,60,
2026-05-29 05:33:31,34.117.95.95,192.168.29.53,TCP,443,36506,101,PA
2026-05-29 05:33:31,192.168.29.53,34.117.95.95,TCP,36506,443,66,A
2026-05-29 05:37:03,34.117.95.95,192.168.29.53,TCP,443,36506,101,PA
2026-05-29 05:37:03,192.168.29.53,34.117.95.95,TCP,36506,443,66,A
2026-05-29 05:37:05,192.168.29.1,192.168.29.53,UDP,57346,7,60,
2026-05-29 05:37:05,192.168.29.53,192.168.29.1,ICMP,0,0,71,
2026-05-29 05:37:07,192.168.29.1,224.0.0.1,OTHER,0,0,60,
2026-05-29 05:37:10,192.168.29.53,192.168.29.1,UDP,35282,53,92,
2026-05-29 05:37:10,192.168.29.53,192.168.29.1,UDP,35282,53,92,
2026-05-29 05:37:10,192.168.29.1,192.168.29.53,UDP,53,35282,108,
2026-05-29 05:37:10,192.168.29.1,192.168.29.53,UDP,53,35282,120,
2026-05-29 05:37:13,192.168.29.99,224.0.0.22,OTHER,0,0,60,
2026-05-29 05:37:14,192.168.29.99,224.0.0.22,OTHER,0,0,62,
2026-05-29 05:37:15,192.168.29.53,192.168.29.1,UDP,37447,53,91,
2026-05-29 05:37:15,192.168.29.53,192.168.29.1,UDP,37447,53,91,
2026-05-29 05:37:15,192.168.29.53,192.168.29.1,UDP,48131,53,91,
2026-05-29 05:37:15,192.168.29.53,192.168.29.1,UDP,48131,53,91,
2026-05-29 05:37:15,192.168.29.1,192.168.29.53,UDP,53,37447,107,
2026-05-29 05:37:15,192.168.29.1,192.168.29.53,UDP,53,48131,107,
2026-05-29 05:37:15,192.168.29.1,192.168.29.53,UDP,53,37447,119,
2026-05-29 05:37:15,192.168.29.1,192.168.29.53,UDP,53,48131,119,
2026-05-29 05:37:27,192.168.29.1,224.0.0.1,OTHER,0,0,60,
2026-05-29 05:37:27,192.168.29.99,224.0.0.22,OTHER,0,0,60,
2026-05-29 05:37:28,192.168.29.99,224.0.0.22,OTHER,0,0,60,
2026-05-29 05:37:34,34.117.95.95,192.168.29.53,TCP,443,36506,101,PA
2026-05-29 05:37:34,192.168.29.53,34.117.95.95,TCP,36506,443,66,A
2026-05-29 05:37:34,192.168.29.99,224.0.0.22,OTHER,0,0,60,
2026-05-29 05:37:47,192.168.29.1,224.0.0.1,OTHER,0,0,60,
2026-05-29 05:37:51,192.168.29.99,224.0.0.22,OTHER,0,0,60,
2026-05-29 05:37:54,192.168.29.99,224.0.0.22,OTHER,0,0,60,
2026-05-29 05:37:55,192.168.29.99,224.0.0.22,OTHER,0,0,60,
2026-05-29 05:38:04,34.117.95.95,192.168.29.53,TCP,443,36506,101,PA
2026-05-29 05:38:04,192.168.29.53,34.117.95.95,TCP,36506,443,66,A
2026-05-29 05:38:07,192.168.29.1,224.0.0.1,OTHER,0,0,60,
2026-05-29 05:38:15,192.168.29.99,224.0.0.22,OTHER,0,0,60,
2026-05-29 05:38:16,192.168.29.99,224.0.0.22,OTHER,0,0,62,
2026-05-29 05:38:22,192.168.29.53,192.168.29.1,UDP,42682,53,77,
2026-05-29 05:38:22,192.168.29.53,192.168.29.1,UDP,40439,53,77,
2026-05-29 05:38:22,192.168.29.53,192.168.29.1,UDP,40439,53,77,
2026-05-29 05:38:22,192.168.29.1,192.168.29.53,UDP,53,40439,205,
2026-05-29 05:38:22,192.168.29.1,192.168.29.53,UDP,53,40439,301,
2026-05-29 05:38:22,192.168.29.1,192.168.29.53,UDP,53,42682,127,
2026-05-29 05:38:27,192.168.29.1,224.0.0.1,OTHER,0,0,60,
2026-05-29 05:38:28,192.168.29.99,224.0.0.22,OTHER,0,0,60,
2026-05-29 05:38:30,192.168.29.99,224.0.0.22,OTHER,0,0,60,
2026-05-29 05:38:33,192.168.29.99,224.0.0.22,OTHER,0,0,60,
2026-05-29 05:38:34,34.117.95.95,192.168.29.53,TCP,443,36506,101,PA
2026-05-29 05:38:34,192.168.29.53,34.117.95.95,TCP,36506,443,66,A
2026-05-29 05:38:35,192.168.29.1,192.168.29.53,UDP,57346,7,60,
2026-05-29 05:38:35,192.168.29.53,192.168.29.1,ICMP,0,0,71,
2026-05-29 05:38:38,192.168.29.53,192.168.29.1,UDP,33666,53,69,
2026-05-29 05:38:38,192.168.29.53,192.168.29.1,UDP,50295,53,69,
2026-05-29 05:38:38,192.168.29.53,192.168.29.1,UDP,50295,53,69,
2026-05-29 05:38:38,192.168.29.1,192.168.29.53,UDP,53,33666,122,
2026-05-29 05:38:38,192.168.29.1,192.168.29.53,UDP,53,50295,97,
2026-05-29 05:38:38,192.168.29.1,192.168.29.53,UDP,53,50295,85,
2026-05-29 05:38:39,192.168.29.53,192.168.29.1,UDP,58634,53,91,
2026-05-29 05:38:39,192.168.29.1,192.168.29.53,UDP,53,58634,107,
2026-05-29 05:38:39,192.168.29.53,192.168.29.1,UDP,58634,53,91,
2026-05-29 05:38:39,192.168.29.1,192.168.29.53,UDP,53,58634,119,
2026-05-29 05:38:47,192.168.29.1,224.0.0.1,OTHER,0,0,60,
2026-05-29 05:38:48,192.168.29.99,224.0.0.22,OTHER,0,0,60,
2026-05-29 05:38:49,192.168.29.53,192.168.29.1,UDP,39700,53,79,
2026-05-29 05:38:49,192.168.29.1,192.168.29.53,UDP,53,39700,129,
2026-05-29 05:38:49,192.168.29.53,192.168.29.1,UDP,36840,53,79,
2026-05-29 05:38:49,192.168.29.53,192.168.29.1,UDP,36840,53,79,
2026-05-29 05:38:49,192.168.29.1,192.168.29.53,UDP,53,36840,107,
2026-05-29 05:38:49,192.168.29.1,192.168.29.53,UDP,53,36840,95,
2026-05-29 05:38:49,192.168.29.53,192.168.29.1,UDP,45965,53,79,
2026-05-29 05:38:49,192.168.29.53,192.168.29.1,UDP,45965,53,79,
2026-05-29 05:38:49,192.168.29.1,192.168.29.53,UDP,53,45965,95,
2026-05-29 05:38:49,192.168.29.1,192.168.29.53,UDP,53,45965,107,
2026-05-29 05:38:51,192.168.29.99,224.0.0.22,OTHER,0,0,60,
2026-05-29 05:38:56,192.168.29.99,224.0.0.22,OTHER,0,0,60,
2026-05-29 05:39:01,192.168.29.53,192.168.29.1,UDP,54511,53,92,
2026-05-29 05:39:01,192.168.29.53,192.168.29.1,UDP,33557,53,92,
2026-05-29 05:39:01,192.168.29.1,192.168.29.53,UDP,53,54511,182,
2026-05-29 05:39:01,192.168.29.53,192.168.29.1,UDP,33557,53,92,
2026-05-29 05:39:01,192.168.29.53,192.168.29.1,UDP,55921,53,92,
2026-05-29 05:39:01,192.168.29.1,192.168.29.53,UDP,53,33557,108,
2026-05-29 05:39:01,192.168.29.53,192.168.29.1,UDP,55921,53,92,
2026-05-29 05:39:01,192.168.29.1,192.168.29.53,UDP,53,33557,120,
2026-05-29 05:39:01,192.168.29.1,192.168.29.53,UDP,53,55921,108,
2026-05-29 05:39:01,192.168.29.1,192.168.29.53,UDP,53,55921,120,
2026-05-29 05:39:05,192.168.29.53,192.168.29.1,UDP,38985,53,79,
2026-05-29 05:39:05,192.168.29.53,192.168.29.1,UDP,39482,53,79,
2026-05-29 05:39:05,192.168.29.53,192.168.29.1,UDP,39482,53,79,
2026-05-29 05:39:05,192.168.29.1,192.168.29.53,UDP,53,38985,132,
2026-05-29 05:39:05,192.168.29.1,192.168.29.53,UDP,53,39482,95,
2026-05-29 05:39:05,192.168.29.1,192.168.29.53,UDP,53,39482,107,
2026-05-29 05:39:05,34.117.95.95,192.168.29.53,TCP,443,36506,101,PA
2026-05-29 05:39:05,192.168.29.53,34.117.95.95,TCP,36506,443,66,A
2026-05-29 05:40:19,192.168.29.53,192.168.29.1,UDP,56622,53,92,
2026-05-29 05:40:19,192.168.29.53,192.168.29.1,UDP,56622,53,92,
2026-05-29 05:40:20,192.168.29.1,192.168.29.53,UDP,53,56622,108,
2026-05-29 05:40:20,192.168.29.1,192.168.29.53,UDP,53,56622,120,
2026-05-29 05:40:21,192.168.29.53,192.168.29.1,UDP,35776,53,75,
2026-05-29 05:40:21,192.168.29.53,192.168.29.1,UDP,35776,53,75,
2026-05-29 05:40:21,192.168.29.1,192.168.29.53,UDP,53,35776,139,
2026-05-29 05:40:21,192.168.29.1,192.168.29.53,UDP,53,35776,127,
2026-05-29 05:40:22,192.168.29.53,192.168.29.1,UDP,51994,53,79,
2026-05-29 05:40:23,192.168.29.53,192.168.29.1,UDP,48947,53,79,
2026-05-29 05:40:23,192.168.29.53,192.168.29.1,UDP,48947,53,79,
2026-05-29 05:40:23,192.168.29.1,192.168.29.53,UDP,53,51994,153,
2026-05-29 05:40:23,192.168.29.1,192.168.29.53,UDP,53,48947,95,
2026-05-29 05:40:23,192.168.29.1,192.168.29.53,UDP,53,48947,107,
2026-05-29 05:40:23,192.168.29.53,192.168.29.1,UDP,58530,53,79,
2026-05-29 05:40:23,192.168.29.53,192.168.29.1,UDP,58530,53,79,
2026-05-29 05:40:23,192.168.29.1,192.168.29.53,UDP,53,58530,95,
2026-05-29 05:40:23,192.168.29.1,192.168.29.53,UDP,53,58530,107,
2026-05-29 05:40:25,192.168.29.53,192.168.29.1,UDP,34412,53,77,
2026-05-29 05:40:25,192.168.29.53,192.168.29.1,UDP,34412,53,77,
2026-05-29 05:40:25,192.168.29.53,192.168.29.1,UDP,40160,53,77,
2026-05-29 05:40:25,192.168.29.53,192.168.29.1,UDP,40160,53,77,
2026-05-29 05:40:25,192.168.29.1,192.168.29.53,UDP,53,34412,205,
2026-05-29 05:40:25,192.168.29.1,192.168.29.53,UDP,53,40160,205,
2026-05-29 05:40:25,192.168.29.1,192.168.29.53,UDP,53,34412,301,
2026-05-29 05:40:25,192.168.29.1,192.168.29.53,UDP,53,40160,301,
2026-05-29 05:40:25,192.168.29.53,192.168.29.1,UDP,46701,53,74,
2026-05-29 05:40:25,192.168.29.53,192.168.29.1,UDP,46701,53,74,
2026-05-29 05:40:25,192.168.29.1,192.168.29.53,UDP,53,46701,202,
2026-05-29 05:40:25,192.168.29.1,192.168.29.53,UDP,53,46701,298,
2026-05-29 05:40:27,192.168.29.1,224.0.0.1,OTHER,0,0,60,
2026-05-29 05:40:28,192.168.29.99,224.0.0.22,OTHER,0,0,60,
2026-05-29 05:40:30,192.168.29.53,192.168.29.1,UDP,58514,53,85,
2026-05-29 05:40:30,192.168.29.53,192.168.29.1,UDP,48501,53,85,
2026-05-29 05:40:30,192.168.29.53,192.168.29.1,UDP,48501,53,85,
2026-05-29 05:40:30,192.168.29.1,192.168.29.53,UDP,53,48501,130,
2026-05-29 05:40:30,192.168.29.1,192.168.29.53,UDP,53,58514,171,
2026-05-29 05:40:30,192.168.29.1,192.168.29.53,UDP,53,48501,142,
2026-05-29 05:40:30,192.168.29.53,192.168.29.1,UDP,49335,53,77,
2026-05-29 05:40:30,192.168.29.53,192.168.29.1,UDP,36151,53,77,
2026-05-29 05:40:30,192.168.29.53,192.168.29.1,UDP,36151,53,77,
2026-05-29 05:40:30,192.168.29.1,192.168.29.53,UDP,53,36151,93,
2026-05-29 05:40:30,192.168.29.1,192.168.29.53,UDP,53,49335,102,
2026-05-29 05:40:30,192.168.29.1,192.168.29.53,UDP,53,36151,105,
2026-05-29 05:40:30,192.168.29.53,192.168.29.1,UDP,56169,53,77,
2026-05-29 05:40:30,192.168.29.53,192.168.29.1,UDP,56169,53,77,
2026-05-29 05:40:30,192.168.29.1,192.168.29.53,UDP,53,56169,93,
2026-05-29 05:40:30,192.168.29.1,192.168.29.53,UDP,53,56169,105,
2026-05-29 05:40:30,192.168.29.53,192.168.29.1,UDP,51920,53,78,
2026-05-29 05:40:30,192.168.29.53,192.168.29.1,UDP,56757,53,78,
2026-05-29 05:40:30,192.168.29.53,192.168.29.1,UDP,56757,53,78,
2026-05-29 05:40:30,192.168.29.1,192.168.29.53,UDP,53,51920,135,
2026-05-29 05:40:30,192.168.29.1,192.168.29.53,UDP,53,56757,94,
2026-05-29 05:40:30,192.168.29.1,192.168.29.53,UDP,53,56757,106,
2026-05-29 05:40:30,192.168.29.53,192.168.29.1,UDP,39891,53,75,
2026-05-29 05:40:30,192.168.29.53,192.168.29.1,UDP,48655,53,75,
2026-05-29 05:40:30,192.168.29.53,192.168.29.1,UDP,48655,53,75,
2026-05-29 05:40:30,192.168.29.1,192.168.29.53,UDP,53,39891,132,
2026-05-29 05:40:30,192.168.29.1,192.168.29.53,UDP,53,48655,103,
2026-05-29 05:40:30,192.168.29.1,192.168.29.53,UDP,53,48655,91,
2026-05-29 05:40:31,192.168.29.99,224.0.0.22,OTHER,0,0,60,
2026-05-29 05:40:33,192.168.29.53,192.168.29.1,UDP,37058,53,88,
2026-05-29 05:40:33,192.168.29.53,192.168.29.1,UDP,43338,53,88,
2026-05-29 05:40:33,192.168.29.53,192.168.29.1,UDP,43338,53,88,
2026-05-29 05:40:33,192.168.29.1,192.168.29.53,UDP,53,43338,104,
2026-05-29 05:40:33,192.168.29.1,192.168.29.53,UDP,53,37058,138,
2026-05-29 05:40:33,192.168.29.1,192.168.29.53,UDP,53,43338,116,
2026-05-29 05:40:33,192.168.29.53,192.168.29.1,UDP,52790,53,86,
2026-05-29 05:40:33,192.168.29.53,192.168.29.1,UDP,55322,53,86,
2026-05-29 05:40:33,192.168.29.53,192.168.29.1,UDP,55322,53,86,
2026-05-29 05:40:33,192.168.29.1,192.168.29.53,UDP,53,52790,136,
2026-05-29 05:40:33,192.168.29.1,192.168.29.53,UDP,53,55322,102,
2026-05-29 05:40:33,192.168.29.1,192.168.29.53,UDP,53,55322,114,
2026-05-29 05:40:34,192.168.29.99,224.0.0.22,OTHER,0,0,60,
2026-05-29 05:40:36,34.117.95.95,192.168.29.53,TCP,443,36506,101,PA
2026-05-29 05:40:36,192.168.29.53,34.117.95.95,TCP,36506,443,66,A
2026-05-29 05:40:36,192.168.29.53,192.168.29.1,UDP,48283,53,79,
2026-05-29 05:40:36,192.168.29.53,192.168.29.1,UDP,48283,53,79,
2026-05-29 05:40:36,192.168.29.53,192.168.29.1,UDP,34429,53,79,
2026-05-29 05:40:36,192.168.29.53,192.168.29.1,UDP,34429,53,79,
2026-05-29 05:40:36,192.168.29.1,192.168.29.53,UDP,53,48283,107,
2026-05-29 05:40:36,192.168.29.1,192.168.29.53,UDP,53,48283,95,
2026-05-29 05:40:36,192.168.29.1,192.168.29.53,UDP,53,34429,95,
2026-05-29 05:40:36,192.168.29.1,192.168.29.53,UDP,53,34429,107,
2026-05-29 05:40:37,192.168.29.53,192.168.29.1,UDP,47040,53,75,
2026-05-29 05:40:37,192.168.29.53,192.168.29.1,UDP,39468,53,75,
2026-05-29 05:40:37,192.168.29.53,192.168.29.1,UDP,39468,53,75,
2026-05-29 05:40:37,192.168.29.1,192.168.29.53,UDP,53,47040,125,
2026-05-29 05:40:37,192.168.29.1,192.168.29.53,UDP,53,39468,91,
2026-05-29 05:40:37,192.168.29.1,192.168.29.53,UDP,53,39468,103,
2026-05-29 05:40:37,192.168.29.53,192.168.29.1,UDP,59984,53,75,
2026-05-29 05:40:37,192.168.29.53,192.168.29.1,UDP,59984,53,75,
2026-05-29 05:40:37,192.168.29.1,192.168.29.53,UDP,53,59984,91,
2026-05-29 05:40:37,192.168.29.1,192.168.29.53,UDP,53,59984,103,
2026-05-29 05:40:37,192.168.29.53,192.168.29.1,UDP,37679,53,74,
2026-05-29 05:40:37,192.168.29.53,192.168.29.1,UDP,45696,53,74,
2026-05-29 05:40:37,192.168.29.53,192.168.29.1,UDP,45696,53,74,
2026-05-29 05:40:37,192.168.29.1,192.168.29.53,UDP,53,37679,145,
2026-05-29 05:40:37,192.168.29.1,192.168.29.53,UDP,53,45696,111,
2026-05-29 05:40:38,192.168.29.1,192.168.29.53,UDP,53,45696,123,
2026-05-29 05:40:38,192.168.29.53,192.168.29.1,UDP,43334,53,75,
2026-05-29 05:40:38,192.168.29.53,192.168.29.1,UDP,56356,53,75,
2026-05-29 05:40:38,192.168.29.53,192.168.29.1,UDP,56356,53,75,
2026-05-29 05:40:38,192.168.29.1,192.168.29.53,UDP,53,56356,91,
2026-05-29 05:40:38,192.168.29.1,192.168.29.53,UDP,53,56356,103,
2026-05-29 05:40:38,192.168.29.1,192.168.29.53,UDP,53,43334,132,
2026-05-29 05:40:38,192.168.29.53,192.168.29.1,UDP,51766,53,85,
2026-05-29 05:40:38,192.168.29.53,192.168.29.1,UDP,51124,53,85,
2026-05-29 05:40:38,192.168.29.53,192.168.29.1,UDP,51124,53,85,
2026-05-29 05:40:38,192.168.29.1,192.168.29.53,UDP,53,51124,151,
2026-05-29 05:40:38,192.168.29.1,192.168.29.53,UDP,53,51124,163,
2026-05-29 05:40:38,192.168.29.1,192.168.29.53,UDP,53,51766,171,
2026-05-29 05:40:38,192.168.29.53,192.168.29.1,UDP,60957,53,77,
2026-05-29 05:40:38,192.168.29.53,192.168.29.1,UDP,35830,53,77,
2026-05-29 05:40:38,192.168.29.53,192.168.29.1,UDP,35830,53,77,
2026-05-29 05:40:38,192.168.29.1,192.168.29.53,UDP,53,60957,102,
2026-05-29 05:40:38,192.168.29.1,192.168.29.53,UDP,53,35830,93,
2026-05-29 05:40:38,192.168.29.1,192.168.29.53,UDP,53,35830,105,
2026-05-29 05:40:38,192.168.29.53,192.168.29.1,UDP,46458,53,85,
2026-05-29 05:40:38,192.168.29.53,192.168.29.1,UDP,46458,53,85,
2026-05-29 05:40:38,192.168.29.1,192.168.29.53,UDP,53,46458,151,
2026-05-29 05:40:38,192.168.29.1,192.168.29.53,UDP,53,46458,163,
2026-05-29 05:40:38,192.168.29.53,192.168.29.1,UDP,40049,53,75,
2026-05-29 05:40:38,192.168.29.53,192.168.29.1,UDP,46561,53,75,
2026-05-29 05:40:38,192.168.29.53,192.168.29.1,UDP,46561,53,75,
2026-05-29 05:40:38,192.168.29.1,192.168.29.53,UDP,53,46561,91,
2026-05-29 05:40:38,192.168.29.1,192.168.29.53,UDP,53,40049,132,
2026-05-29 05:40:38,192.168.29.1,192.168.29.53,UDP,53,46561,103,
2026-05-29 05:40:41,192.168.29.53,192.168.29.1,UDP,45433,53,86,
2026-05-29 05:40:41,192.168.29.53,192.168.29.1,UDP,32987,53,86,
2026-05-29 05:40:41,192.168.29.53,192.168.29.1,UDP,32987,53,86,
2026-05-29 05:40:41,192.168.29.1,192.168.29.53,UDP,53,45433,143,
2026-05-29 05:40:41,192.168.29.1,192.168.29.53,UDP,53,32987,114,
2026-05-29 05:40:41,192.168.29.1,192.168.29.53,UDP,53,32987,182,
2026-05-29 05:40:41,192.168.29.53,192.168.29.1,UDP,33745,53,86,
2026-05-29 05:40:41,192.168.29.53,192.168.29.1,UDP,33745,53,86,
2026-05-29 05:40:41,192.168.29.1,192.168.29.53,UDP,53,33745,182,
2026-05-29 05:40:41,192.168.29.1,192.168.29.53,UDP,53,33745,114,
2026-05-29 05:40:44,192.168.29.53,192.168.29.1,UDP,55691,53,84,
2026-05-29 05:40:44,192.168.29.53,192.168.29.1,UDP,55691,53,84,
2026-05-29 05:40:44,192.168.29.1,192.168.29.53,UDP,53,55691,141,
2026-05-29 05:40:44,192.168.29.1,192.168.29.53,UDP,53,55691,148,
2026-05-29 05:40:44,192.168.29.53,192.178.193.156,UDP,43311,443,1294,
2026-05-29 05:40:44,192.168.29.53,192.178.193.156,UDP,43311,443,1294,
2026-05-29 05:40:45,192.178.193.156,192.168.29.53,UDP,443,43311,85,
2026-05-29 05:40:45,192.168.29.53,192.168.29.1,UDP,50276,53,84,
2026-05-29 05:40:45,192.168.29.53,192.168.29.1,UDP,40835,53,84,
2026-05-29 05:40:45,192.168.29.53,192.168.29.1,UDP,40835,53,84,
2026-05-29 05:40:45,192.168.29.1,192.168.29.53,UDP,53,40835,100,
2026-05-29 05:40:45,192.168.29.1,192.168.29.53,UDP,53,50276,141,
2026-05-29 05:40:45,192.168.29.1,192.168.29.53,UDP,53,40835,112,
2026-05-29 05:40:45,192.168.29.53,192.178.193.156,TCP,41082,443,74,S
2026-05-29 05:40:45,192.178.193.156,192.168.29.53,TCP,443,41082,74,SA
2026-05-29 05:40:45,192.168.29.53,192.178.193.156,TCP,41082,443,66,A
2026-05-29 05:40:45,192.168.29.53,192.178.193.156,UDP,43311,443,131,
2026-05-29 05:40:45,192.168.29.53,192.178.193.156,TCP,41082,443,1975,PA
2026-05-29 05:40:45,192.178.193.156,192.168.29.53,TCP,443,41082,66,A
2026-05-29 05:40:45,192.178.193.156,192.168.29.53,TCP,443,41082,2866,PA
2026-05-29 05:40:45,192.178.193.156,192.168.29.53,TCP,443,41082,2473,PA
2026-05-29 05:40:45,192.168.29.53,192.178.193.156,TCP,41082,443,66,A
2026-05-29 05:40:45,192.168.29.53,192.178.193.156,TCP,41082,443,66,A
2026-05-29 05:40:45,192.168.29.53,192.178.193.156,UDP,43311,443,175,
2026-05-29 05:40:45,192.168.29.53,192.178.193.156,UDP,43311,443,109,
2026-05-29 05:40:45,192.178.193.156,192.168.29.53,UDP,443,43311,659,
2026-05-29 05:40:45,192.178.193.156,192.168.29.53,UDP,443,43311,167,
2026-05-29 05:40:45,192.168.29.53,192.178.193.156,UDP,43311,443,449,
2026-05-29 05:40:45,192.178.193.156,192.168.29.53,UDP,443,43311,69,
2026-05-29 05:40:45,192.168.29.53,192.178.193.156,TCP,41092,443,74,S
2026-05-29 05:40:45,192.178.193.156,192.168.29.53,UDP,443,43311,72,
2026-05-29 05:40:45,192.178.193.156,192.168.29.53,UDP,443,43311,377,
2026-05-29 05:40:45,192.178.193.156,192.168.29.53,UDP,443,43311,66,
2026-05-29 05:40:45,192.178.193.156,192.168.29.53,TCP,443,41092,74,SA
2026-05-29 05:40:45,192.168.29.53,192.178.193.156,TCP,41092,443,66,A
2026-05-29 05:40:45,192.168.29.53,192.178.193.156,TCP,41082,443,130,PA
2026-05-29 05:40:45,192.168.29.53,192.178.193.156,UDP,43311,443,78,
2026-05-29 05:40:45,192.178.193.156,192.168.29.53,TCP,443,41082,682,PA
2026-05-29 05:40:45,192.168.29.53,192.178.193.156,TCP,41082,443,66,A
2026-05-29 05:40:45,192.178.193.156,192.168.29.53,UDP,443,43311,69,
2026-05-29 05:40:45,192.168.29.53,192.178.193.156,TCP,41092,443,66,FA
2026-05-29 05:40:46,192.178.193.156,192.168.29.53,TCP,443,41092,66,FA
2026-05-29 05:40:46,192.168.29.53,192.178.193.156,TCP,41092,443,66,A
2026-05-29 05:40:46,192.168.29.53,192.178.193.156,TCP,41082,443,158,PA
2026-05-29 05:40:46,192.168.29.53,192.178.193.156,TCP,41082,443,97,PA
2026-05-29 05:40:46,192.178.193.156,192.168.29.53,TCP,443,41082,97,PA
2026-05-29 05:40:46,192.168.29.53,192.178.193.156,TCP,41082,443,66,A
2026-05-29 05:40:46,192.178.193.156,192.168.29.53,TCP,443,41082,66,A
2026-05-29 05:40:47,192.168.29.1,224.0.0.1,OTHER,0,0,60,
2026-05-29 05:40:51,192.168.29.99,224.0.0.22,OTHER,0,0,62,
2026-05-29 05:40:52,192.168.29.99,224.0.0.22,OTHER,0,0,60,
2026-05-29 05:41:00,192.168.29.53,192.178.193.156,UDP,43311,443,347,
2026-05-29 05:41:01,192.178.193.156,192.168.29.53,UDP,443,43311,73,
2026-05-29 05:41:01,192.168.29.53,192.178.193.156,UDP,43311,443,73,
2026-05-29 05:41:01,192.178.193.156,192.168.29.53,UDP,443,43311,114,
2026-05-29 05:41:01,192.178.193.156,192.168.29.53,UDP,443,43311,66,
2026-05-29 05:41:01,192.168.29.53,192.178.193.156,UDP,43311,443,78,
2026-05-29 05:41:01,192.178.193.156,192.168.29.53,UDP,443,43311,69,
2026-05-29 05:41:03,192.168.29.53,192.168.29.1,UDP,35732,53,75,
2026-05-29 05:41:03,192.168.29.53,192.168.29.1,UDP,59420,53,75,
2026-05-29 05:41:03,192.168.29.53,192.168.29.1,UDP,59420,53,75,
2026-05-29 05:41:03,192.168.29.1,192.168.29.53,UDP,53,35732,124,
2026-05-29 05:41:03,192.168.29.1,192.168.29.53,UDP,53,59420,365,
2026-05-29 05:41:03,192.168.29.1,192.168.29.53,UDP,53,59420,221,
2026-05-29 05:41:03,192.168.29.53,192.168.29.1,UDP,36990,53,83,
2026-05-29 05:41:03,192.168.29.53,192.168.29.1,UDP,36990,53,83,
2026-05-29 05:41:03,192.168.29.1,192.168.29.53,UDP,53,36990,339,
2026-05-29 05:41:03,192.168.29.1,192.168.29.53,UDP,53,36990,195,
2026-05-29 05:41:04,192.168.29.53,192.168.29.1,UDP,35413,53,71,
2026-05-29 05:41:04,192.168.29.53,192.168.29.1,UDP,40252,53,71,
2026-05-29 05:41:04,192.168.29.53,192.168.29.1,UDP,40252,53,71,
2026-05-29 05:41:04,192.168.29.1,192.168.29.53,UDP,53,40252,231,
2026-05-29 05:41:04,192.168.29.1,192.168.29.53,UDP,53,35413,128,
2026-05-29 05:41:04,192.168.29.1,192.168.29.53,UDP,53,40252,183,
2026-05-29 05:41:04,192.168.29.53,192.168.29.1,UDP,37720,53,80,
2026-05-29 05:41:04,192.168.29.1,192.168.29.53,UDP,53,37720,137,
2026-05-29 05:41:04,192.168.29.53,192.168.29.1,UDP,50387,53,80,
2026-05-29 05:41:04,192.168.29.53,192.168.29.1,UDP,50387,53,80,
2026-05-29 05:41:04,192.168.29.1,192.168.29.53,UDP,53,50387,96,
2026-05-29 05:41:04,192.168.29.1,192.168.29.53,UDP,53,50387,108,
2026-05-29 05:41:05,192.168.29.53,142.250.182.138,TCP,43442,443,74,S
2026-05-29 05:41:05,192.168.29.53,142.250.182.138,TCP,43442,443,1971,PA
2026-05-29 05:41:05,142.250.182.138,192.168.29.53,TCP,443,43442,66,A
2026-05-29 05:41:05,142.250.182.138,192.168.29.53,TCP,443,43442,2866,PA
2026-05-29 05:41:05,142.250.182.138,192.168.29.53,TCP,443,43442,2864,PA
2026-05-29 05:41:06,192.168.29.53,142.250.182.138,TCP,43442,443,175,PA
2026-05-29 05:41:06,142.250.182.138,192.168.29.53,TCP,443,43442,716,PA
2026-05-29 05:41:06,192.168.29.53,142.250.182.138,TCP,43442,443,66,A
2026-05-29 05:41:09,192.168.29.53,192.168.29.1,UDP,45963,53,77,
2026-05-29 05:41:09,192.168.29.53,192.168.29.1,UDP,44928,53,77,
2026-05-29 05:41:09,192.168.29.53,192.168.29.1,UDP,44928,53,77,
2026-05-29 05:41:09,192.168.29.1,192.168.29.53,UDP,53,45963,102,
2026-05-29 05:41:09,192.168.29.1,192.168.29.53,UDP,53,44928,105,
2026-05-29 05:41:09,192.168.29.1,192.168.29.53,UDP,53,44928,93,
2026-05-29 05:41:09,192.168.29.53,192.168.29.1,UDP,58925,53,79,
2026-05-29 05:41:09,192.168.29.53,192.168.29.1,UDP,60889,53,79,
2026-05-29 05:41:09,192.168.29.53,192.168.29.1,UDP,60889,53,79,
2026-05-29 05:41:09,192.168.29.1,192.168.29.53,UDP,53,58925,129,
2026-05-29 05:41:09,192.168.29.1,192.168.29.53,UDP,53,60889,95,
2026-05-29 05:41:09,192.168.29.1,192.168.29.53,UDP,53,60889,107,
2026-05-29 05:41:10,192.168.29.99,224.0.0.22,OTHER,0,0,60,
2026-05-29 05:41:11,192.168.29.53,192.168.29.1,UDP,58086,53,74,
2026-05-29 05:41:11,192.168.29.53,192.168.29.1,UDP,60757,53,74,
2026-05-29 05:41:11,192.168.29.53,192.168.29.1,UDP,60757,53,74,
2026-05-29 05:41:11,192.168.29.1,192.168.29.53,UDP,53,58086,99,
2026-05-29 05:41:11,192.168.29.1,192.168.29.53,UDP,53,60757,202,
2026-05-29 05:41:11,192.168.29.1,192.168.29.53,UDP,53,60757,298,
2026-05-29 05:41:13,192.168.29.53,192.168.29.1,UDP,54827,53,87,
2026-05-29 05:41:13,192.168.29.53,192.168.29.1,UDP,33430,53,87,
2026-05-29 05:41:13,192.168.29.53,192.168.29.1,UDP,33430,53,87,
2026-05-29 05:41:13,192.168.29.1,192.168.29.53,UDP,53,54827,112,
2026-05-29 05:41:13,192.168.29.1,192.168.29.53,UDP,53,33430,115,
2026-05-29 05:41:13,192.168.29.1,192.168.29.53,UDP,53,33430,151,
2026-05-29 05:41:13,192.168.29.99,224.0.0.22,OTHER,0,0,60,
2026-05-29 05:41:14,192.168.29.99,224.0.0.22,OTHER,0,0,60,
2026-05-29 05:41:23,192.168.29.53,192.168.29.1,UDP,44727,53,76,
2026-05-29 05:41:23,192.168.29.53,192.168.29.1,UDP,38179,53,76,
2026-05-29 05:41:23,192.168.29.53,192.168.29.1,UDP,38179,53,76,
2026-05-29 05:41:23,192.168.29.1,192.168.29.53,UDP,53,44727,101,
2026-05-29 05:41:23,192.168.29.1,192.168.29.53,UDP,53,38179,92,
2026-05-29 05:41:23,192.168.29.1,192.168.29.53,UDP,53,38179,104,
2026-05-29 05:41:25,192.168.29.53,192.168.29.1,UDP,42819,53,71,
2026-05-29 05:41:25,192.168.29.53,192.168.29.1,UDP,55094,53,71,
2026-05-29 05:41:25,192.168.29.53,192.168.29.1,UDP,55094,53,71,
2026-05-29 05:41:25,192.168.29.1,192.168.29.53,UDP,53,42819,86,
2026-05-29 05:41:26,192.168.29.1,192.168.29.53,UDP,53,55094,135,
2026-05-29 05:41:26,192.168.29.1,192.168.29.53,UDP,53,55094,99,
2026-05-29 05:41:27,192.168.29.53,192.168.29.1,UDP,35393,53,92,
2026-05-29 05:41:27,192.168.29.53,192.168.29.1,UDP,35393,53,92,
2026-05-29 05:41:27,192.168.29.53,192.168.29.1,UDP,33658,53,92,
2026-05-29 05:41:27,192.168.29.53,192.168.29.1,UDP,33658,53,92,
2026-05-29 05:41:27,192.168.29.1,192.168.29.53,UDP,53,35393,108,
2026-05-29 05:41:27,192.168.29.1,192.168.29.53,UDP,53,33658,108,
2026-05-29 05:41:27,192.168.29.1,192.168.29.53,UDP,53,35393,120,
2026-05-29 05:41:27,192.168.29.1,192.168.29.53,UDP,53,33658,120,
2026-05-29 05:41:28,192.168.29.1,224.0.0.1,OTHER,0,0,60,
2026-05-29 05:41:29,192.168.29.99,224.0.0.22,OTHER,0,0,60,
2026-05-29 05:41:31,192.168.29.53,192.168.29.1,UDP,44803,53,75,
2026-05-29 05:41:31,192.168.29.1,192.168.29.53,UDP,53,44803,132,
2026-05-29 05:41:31,192.168.29.53,192.168.29.1,UDP,45051,53,75,
2026-05-29 05:41:31,192.168.29.53,192.168.29.1,UDP,45051,53,75,
2026-05-29 05:41:31,192.168.29.1,192.168.29.53,UDP,53,45051,91,
2026-05-29 05:41:31,192.168.29.1,192.168.29.53,UDP,53,45051,103,
2026-05-29 05:41:33,192.168.29.53,192.168.29.1,UDP,37320,53,94,
2026-05-29 05:41:33,192.168.29.53,192.168.29.1,UDP,59939,53,94,
2026-05-29 05:41:34,192.168.29.53,192.168.29.1,UDP,59939,53,94,
2026-05-29 05:41:34,192.168.29.1,192.168.29.53,UDP,53,37320,182,
2026-05-29 05:41:34,192.168.29.1,192.168.29.53,UDP,53,59939,153,
2026-05-29 05:41:34,192.168.29.1,192.168.29.53,UDP,53,59939,141,
2026-05-29 05:41:34,192.168.29.99,224.0.0.22,OTHER,0,0,60,
2026-05-29 05:41:35,192.168.29.53,192.168.29.1,UDP,44052,53,95,
2026-05-29 05:41:35,192.168.29.53,192.168.29.1,UDP,57490,53,95,
2026-05-29 05:41:35,192.168.29.53,192.168.29.1,UDP,57490,53,95,
2026-05-29 05:41:35,192.168.29.1,192.168.29.53,UDP,53,57490,184,
2026-05-29 05:41:35,192.168.29.1,192.168.29.53,UDP,53,44052,184,
2026-05-29 05:41:35,192.168.29.1,192.168.29.53,UDP,53,57490,155,
2026-05-29 05:41:36,34.117.95.95,192.168.29.53,TCP,443,36506,101,PA
2026-05-29 05:41:36,192.168.29.53,34.117.95.95,TCP,36506,443,66,A
2026-05-29 05:41:36,192.168.29.99,224.0.0.22,OTHER,0,0,60,
2026-05-29 05:41:37,192.168.29.1,192.168.29.53,UDP,57346,7,60,
2026-05-29 05:41:37,192.168.29.53,192.168.29.1,ICMP,0,0,71,
2026-05-29 05:41:38,192.168.29.53,192.168.29.1,UDP,42880,53,71,
2026-05-29 05:41:38,192.168.29.53,192.168.29.1,UDP,33756,53,71,
2026-05-29 05:41:38,192.168.29.53,192.168.29.1,UDP,33756,53,71,
2026-05-29 05:41:39,192.168.29.1,192.168.29.53,UDP,53,33756,231,
2026-05-29 05:41:39,192.168.29.1,192.168.29.53,UDP,53,33756,183,
2026-05-29 05:41:39,192.168.29.1,192.168.29.53,UDP,53,42880,128,
2026-05-29 05:41:41,192.168.29.53,192.168.29.1,UDP,53842,53,95,
2026-05-29 05:41:41,192.168.29.1,192.168.29.53,UDP,53,53842,184,
2026-05-29 05:41:41,192.168.29.53,192.168.29.1,UDP,60447,53,95,
2026-05-29 05:41:41,192.168.29.53,192.168.29.1,UDP,60447,53,95,
2026-05-29 05:41:41,192.168.29.1,192.168.29.53,UDP,53,60447,155,
2026-05-29 05:41:41,192.168.29.1,192.168.29.53,UDP,53,60447,184,
2026-05-29 05:41:42,192.168.29.53,34.107.243.93,TCP,44188,443,66,A
2026-05-29 05:41:42,192.168.29.53,34.107.243.93,TCP,44188,443,94,PA
2026-05-29 05:41:45,192.168.29.53,192.178.193.156,TCP,41082,443,105,PA
2026-05-29 05:41:45,192.178.193.156,192.168.29.53,TCP,443,41082,66,A
2026-05-29 05:41:45,192.178.193.156,192.168.29.53,TCP,443,41082,105,PA
2026-05-29 05:41:45,192.168.29.53,192.178.193.156,TCP,41082,443,66,A
2026-05-29 05:41:47,192.168.29.53,192.168.29.1,UDP,38294,53,82,
2026-05-29 05:41:47,192.168.29.1,192.168.29.53,UDP,53,38294,142,
2026-05-29 05:41:47,192.168.29.53,192.168.29.1,UDP,53343,53,82,
2026-05-29 05:41:47,192.168.29.1,192.168.29.53,UDP,53,53343,114,
2026-05-29 05:41:47,192.168.29.53,192.168.29.1,UDP,53343,53,82,
2026-05-29 05:41:47,192.168.29.1,192.168.29.53,UDP,53,53343,110,
2026-05-29 05:41:48,192.168.29.1,224.0.0.1,OTHER,0,0,60,
2026-05-29 05:41:48,192.168.29.99,224.0.0.22,OTHER,0,0,60,
2026-05-29 05:41:48,192.168.29.53,142.250.143.149,TCP,48768,443,74,S
2026-05-29 05:41:48,142.250.143.149,192.168.29.53,TCP,443,48768,74,SA
2026-05-29 05:41:49,192.168.29.53,142.250.143.149,TCP,48768,443,66,A
2026-05-29 05:41:49,192.168.29.53,142.250.143.149,TCP,48768,443,1973,PA
2026-05-29 05:41:49,142.250.143.149,192.168.29.53,TCP,443,48768,66,A
2026-05-29 05:41:49,142.250.143.149,192.168.29.53,TCP,443,48768,66,A
2026-05-29 05:41:49,142.250.143.149,192.168.29.53,TCP,443,48768,2866,PA
2026-05-29 05:41:49,192.168.29.53,142.250.143.149,TCP,48768,443,66,A
2026-05-29 05:41:49,142.250.143.149,192.168.29.53,TCP,443,48768,2697,PA
2026-05-29 05:41:49,192.168.29.53,142.250.143.149,TCP,48768,443,66,A
2026-05-29 05:41:50,192.168.29.53,142.250.143.149,TCP,48768,443,130,PA
2026-05-29 05:41:50,192.168.29.53,142.250.143.149,TCP,48768,443,175,PA
2026-05-29 05:41:50,142.250.143.149,192.168.29.53,TCP,443,48768,682,PA
2026-05-29 05:41:50,142.250.143.149,192.168.29.53,TCP,443,48768,97,PA
2026-05-29 05:41:50,192.168.29.53,142.250.143.149,TCP,48768,443,66,A
2026-05-29 05:41:50,192.168.29.53,142.250.143.149,TCP,48768,443,66,A
2026-05-29 05:41:50,192.168.29.53,142.250.143.149,TCP,48768,443,90,PA
2026-05-29 05:41:50,192.168.29.53,142.250.143.149,TCP,48768,443,66,FA
2026-05-29 05:41:50,142.250.143.149,192.168.29.53,TCP,443,48768,66,FA
2026-05-29 05:41:50,142.250.143.149,192.168.29.53,TCP,443,48768,66,A
2026-05-29 05:41:50,192.168.29.53,142.250.143.149,TCP,48768,443,66,A
2026-05-29 05:41:51,192.168.29.53,192.168.29.1,UDP,45217,53,77,
2026-05-29 05:41:51,192.168.29.53,192.168.29.1,UDP,45217,53,77,
2026-05-29 05:41:51,192.168.29.1,192.168.29.53,UDP,53,45217,301,
2026-05-29 05:41:51,192.168.29.1,192.168.29.53,UDP,53,45217,205,
2026-05-29 05:41:53,192.168.29.53,192.168.29.1,UDP,57638,53,73,
2026-05-29 05:41:53,192.168.29.1,192.168.29.53,UDP,53,57638,130,
2026-05-29 05:41:53,192.168.29.53,192.168.29.1,UDP,41049,53,73,
2026-05-29 05:41:53,192.168.29.53,192.168.29.1,UDP,41049,53,73,
2026-05-29 05:41:53,192.168.29.1,192.168.29.53,UDP,53,41049,185,
2026-05-29 05:41:53,192.168.29.1,192.168.29.53,UDP,53,41049,233,
2026-05-29 05:41:53,192.168.29.53,192.168.29.1,UDP,57511,53,85,
2026-05-29 05:41:53,192.168.29.53,192.168.29.1,UDP,54850,53,85,
2026-05-29 05:41:53,192.168.29.53,192.168.29.1,UDP,54850,53,85,
2026-05-29 05:41:53,192.168.29.1,192.168.29.53,UDP,53,54850,245,
2026-05-29 05:41:53,192.168.29.1,192.168.29.53,UDP,53,57511,142,
2026-05-29 05:41:53,192.168.29.1,192.168.29.53,UDP,53,54850,197,
2026-05-29 05:41:54,192.168.29.99,224.0.0.22,OTHER,0,0,60,
2026-05-29 05:41:54,192.168.29.99,224.0.0.22,OTHER,0,0,60,
2026-05-29 05:41:55,192.168.29.53,192.168.29.1,UDP,58513,53,70,
2026-05-29 05:41:55,192.168.29.53,192.168.29.1,UDP,50982,53,70,
2026-05-29 05:41:55,192.168.29.53,192.168.29.1,UDP,50982,53,70,
2026-05-29 05:41:55,192.168.29.1,192.168.29.53,UDP,53,50982,86,
2026-05-29 05:41:55,192.168.29.1,192.168.29.53,UDP,53,58513,135,
2026-05-29 05:41:55,192.168.29.1,192.168.29.53,UDP,53,50982,154,
2026-05-29 05:41:55,192.168.29.53,20.207.73.82,TCP,55702,443,74,S
2026-05-29 05:41:55,20.207.73.82,192.168.29.53,TCP,443,55702,74,SA
2026-05-29 05:41:55,192.168.29.53,20.207.73.82,TCP,55702,443,66,A
2026-05-29 05:41:55,192.168.29.53,20.207.73.82,TCP,55702,443,1961,PA
2026-05-29 05:41:55,20.207.73.82,192.168.29.53,TCP,443,55702,66,A
2026-05-29 05:41:55,20.207.73.82,192.168.29.53,TCP,443,55702,2914,PA
2026-05-29 05:41:55,20.207.73.82,192.168.29.53,TCP,443,55702,314,PA
2026-05-29 05:41:55,192.168.29.53,20.207.73.82,TCP,55702,443,66,A
2026-05-29 05:41:55,192.168.29.53,20.207.73.82,TCP,55702,443,66,A
2026-05-29 05:41:55,192.168.29.53,192.168.29.1,UDP,50812,53,76,
2026-05-29 05:41:55,192.168.29.53,192.168.29.1,UDP,50812,53,76,
2026-05-29 05:41:56,192.168.29.1,192.168.29.53,UDP,53,50812,158,
2026-05-29 05:41:56,192.168.29.1,192.168.29.53,UDP,53,50812,154,
2026-05-29 05:41:56,192.168.29.53,20.207.73.82,TCP,55702,443,130,PA
2026-05-29 05:41:56,192.168.29.53,20.207.73.82,TCP,55702,443,158,PA
2026-05-29 05:41:56,20.207.73.82,192.168.29.53,TCP,443,55702,145,PA
2026-05-29 05:41:56,20.207.73.82,192.168.29.53,TCP,443,55702,145,PA
2026-05-29 05:41:56,192.168.29.53,20.207.73.82,TCP,55702,443,66,A
2026-05-29 05:41:56,192.168.29.53,20.207.73.82,TCP,55702,443,66,A
2026-05-29 05:41:56,20.207.73.82,192.168.29.53,TCP,443,55702,130,PA
2026-05-29 05:41:56,192.168.29.53,20.207.73.82,TCP,55702,443,66,A
2026-05-29 05:41:56,192.168.29.53,20.207.73.82,TCP,55702,443,97,PA
2026-05-29 05:41:56,20.207.73.82,192.168.29.53,TCP,443,55702,66,A
2026-05-29 05:41:58,192.168.29.53,20.207.73.82,TCP,55702,443,383,PA
2026-05-29 05:41:58,20.207.73.82,192.168.29.53,TCP,443,55702,66,A
2026-05-29 05:41:58,20.207.73.82,192.168.29.53,TCP,443,55702,2914,A
2026-05-29 05:41:58,20.207.73.82,192.168.29.53,TCP,443,55702,2914,PA
2026-05-29 05:41:58,20.207.73.82,192.168.29.53,TCP,443,55702,1490,A
2026-05-29 05:41:58,192.168.29.53,20.207.73.82,TCP,55702,443,66,A
2026-05-29 05:41:58,192.168.29.53,20.207.73.82,TCP,55702,443,66,A
2026-05-29 05:41:58,20.207.73.82,192.168.29.53,TCP,443,55702,2752,PA
2026-05-29 05:41:58,20.207.73.82,192.168.29.53,TCP,443,55702,744,PA
2026-05-29 05:41:58,20.207.73.82,192.168.29.53,TCP,443,55702,2914,A
2026-05-29 05:41:58,192.168.29.53,20.207.73.82,TCP,55702,443,66,A
2026-05-29 05:41:58,20.207.73.82,192.168.29.53,TCP,443,55702,2914,PA
2026-05-29 05:41:58,20.207.73.82,192.168.29.53,TCP,443,55702,2914,PA
2026-05-29 05:41:58,20.207.73.82,192.168.29.53,TCP,443,55702,2914,PA
2026-05-29 05:41:58,20.207.73.82,192.168.29.53,TCP,443,55702,2914,PA
2026-05-29 05:41:58,192.168.29.53,20.207.73.82,TCP,55702,443,66,A
2026-05-29 05:41:58,20.207.73.82,192.168.29.53,TCP,443,55702,2914,PA
2026-05-29 05:41:58,20.207.73.82,192.168.29.53,TCP,443,55702,2914,PA
2026-05-29 05:41:58,20.207.73.82,192.168.29.53,TCP,443,55702,2914,PA
2026-05-29 05:41:58,20.207.73.82,192.168.29.53,TCP,443,55702,2914,PA
2026-05-29 05:41:58,20.207.73.82,192.168.29.53,TCP,443,55702,2914,PA
2026-05-29 05:41:58,20.207.73.82,192.168.29.53,TCP,443,55702,2914,PA
2026-05-29 05:41:58,192.168.29.53,20.207.73.82,TCP,55702,443,66,A
2026-05-29 05:41:58,20.207.73.82,192.168.29.53,TCP,443,55702,2914,PA
2026-05-29 05:41:58,20.207.73.82,192.168.29.53,TCP,443,55702,2914,PA
2026-05-29 05:41:58,20.207.73.82,192.168.29.53,TCP,443,55702,4338,PA
2026-05-29 05:41:58,20.207.73.82,192.168.29.53,TCP,443,55702,2914,PA
2026-05-29 05:41:58,192.168.29.53,20.207.73.82,TCP,55702,443,66,A
2026-05-29 05:41:58,20.207.73.82,192.168.29.53,TCP,443,55702,2914,PA
2026-05-29 05:41:58,20.207.73.82,192.168.29.53,TCP,443,55702,2914,PA
2026-05-29 05:41:58,20.207.73.82,192.168.29.53,TCP,443,55702,2914,PA
2026-05-29 05:41:58,20.207.73.82,192.168.29.53,TCP,443,55702,2914,PA
2026-05-29 05:41:58,20.207.73.82,192.168.29.53,TCP,443,55702,2914,PA
2026-05-29 05:41:58,20.207.73.82,192.168.29.53,TCP,443,55702,2914,PA
2026-05-29 05:41:58,20.207.73.82,192.168.29.53,TCP,443,55702,2914,PA
2026-05-29 05:41:58,20.207.73.82,192.168.29.53,TCP,443,55702,2914,PA
2026-05-29 05:41:58,20.207.73.82,192.168.29.53,TCP,443,55702,2914,PA
2026-05-29 05:41:58,20.207.73.82,192.168.29.53,TCP,443,55702,2914,PA
2026-05-29 05:41:58,20.207.73.82,192.168.29.53,TCP,443,55702,4338,PA
2026-05-29 05:41:58,20.207.73.82,192.168.29.53,TCP,443,55702,2914,PA
2026-05-29 05:41:58,20.207.73.82,192.168.29.53,TCP,443,55702,2914,PA
2026-05-29 05:41:58,20.207.73.82,192.168.29.53,TCP,443,55702,2914,PA
2026-05-29 05:41:58,20.207.73.82,192.168.29.53,TCP,443,55702,2914,PA
2026-05-29 05:41:58,192.168.29.53,20.207.73.82,TCP,55702,443,66,A
2026-05-29 05:41:58,20.207.73.82,192.168.29.53,TCP,443,55702,2914,PA
2026-05-29 05:41:58,192.168.29.53,20.207.73.82,TCP,55702,443,66,A
2026-05-29 05:41:58,192.168.29.53,20.207.73.82,TCP,55702,443,66,A
2026-05-29 05:41:58,20.207.73.82,192.168.29.53,TCP,443,55702,2914,PA
2026-05-29 05:41:58,20.207.73.82,192.168.29.53,TCP,443,55702,2914,PA
2026-05-29 05:41:58,20.207.73.82,192.168.29.53,TCP,443,55702,2914,PA
2026-05-29 05:41:58,20.207.73.82,192.168.29.53,TCP,443,55702,2914,PA
2026-05-29 05:41:58,20.207.73.82,192.168.29.53,TCP,443,55702,2914,PA
2026-05-29 05:41:58,20.207.73.82,192.168.29.53,TCP,443,55702,4338,PA
2026-05-29 05:41:58,20.207.73.82,192.168.29.53,TCP,443,55702,2914,PA
2026-05-29 05:41:58,20.207.73.82,192.168.29.53,TCP,443,55702,2914,PA
2026-05-29 05:41:58,20.207.73.82,192.168.29.53,TCP,443,55702,2914,PA
2026-05-29 05:41:58,20.207.73.82,192.168.29.53,TCP,443,55702,2776,PA
2026-05-29 05:41:58,192.168.29.53,20.207.73.82,TCP,55702,443,78,A
2026-05-29 05:41:58,192.168.29.53,20.207.73.82,TCP,55702,443,78,A
2026-05-29 05:41:58,192.168.29.53,20.207.73.82,TCP,55702,443,78,A
2026-05-29 05:41:58,192.168.29.53,20.207.73.82,TCP,55702,443,78,A
2026-05-29 05:41:58,20.207.73.82,192.168.29.53,TCP,443,55702,2914,PA
2026-05-29 05:41:58,192.168.29.53,20.207.73.82,TCP,55702,443,66,A
2026-05-29 05:41:58,192.168.29.53,192.168.29.1,UDP,43066,53,83,
2026-05-29 05:41:58,192.168.29.53,192.168.29.1,UDP,35959,53,83,
2026-05-29 05:41:58,192.168.29.53,192.168.29.1,UDP,35959,53,83,
2026-05-29 05:41:58,192.168.29.53,192.168.29.1,UDP,56968,53,89,
2026-05-29 05:41:58,192.168.29.53,192.168.29.1,UDP,60262,53,89,
2026-05-29 05:41:58,192.168.29.53,192.168.29.1,UDP,60262,53,89,
2026-05-29 05:41:58,192.168.29.1,192.168.29.53,UDP,53,43066,165,
2026-05-29 05:41:58,192.168.29.1,192.168.29.53,UDP,53,35959,147,
2026-05-29 05:41:58,192.168.29.1,192.168.29.53,UDP,53,35959,195,
2026-05-29 05:41:58,192.168.29.1,192.168.29.53,UDP,53,60262,153,
2026-05-29 05:41:58,192.168.29.1,192.168.29.53,UDP,53,56968,154,
2026-05-29 05:41:58,192.168.29.1,192.168.29.53,UDP,53,60262,201,
2026-05-29 05:42:03,192.168.29.53,20.207.73.82,TCP,55702,443,568,PA
2026-05-29 05:42:03,20.207.73.82,192.168.29.53,TCP,443,55702,381,PA
2026-05-29 05:42:03,20.207.73.82,192.168.29.53,TCP,443,55702,16723,PA
2026-05-29 05:42:03,20.207.73.82,192.168.29.53,TCP,443,55702,14306,A
2026-05-29 05:42:03,20.207.73.82,192.168.29.53,TCP,443,55702,2483,PA
2026-05-29 05:42:03,20.207.73.82,192.168.29.53,TCP,443,55702,599,PA
2026-05-29 05:42:03,192.168.29.53,20.207.73.82,TCP,55702,443,66,A
2026-05-29 05:42:06,192.168.29.53,192.168.29.1,UDP,49166,53,80,
2026-05-29 05:42:06,192.168.29.53,192.168.29.1,UDP,39296,53,80,
2026-05-29 05:42:06,192.168.29.53,192.168.29.1,UDP,39296,53,80,
2026-05-29 05:42:06,192.168.29.1,192.168.29.53,UDP,53,39296,129,
2026-05-29 05:42:06,192.168.29.1,192.168.29.53,UDP,53,39296,197,
2026-05-29 05:42:06,192.168.29.1,192.168.29.53,UDP,53,49166,197,
2026-05-29 05:42:06,192.168.29.53,140.82.112.22,TCP,49036,443,74,S
2026-05-29 05:42:06,192.168.29.53,140.82.112.22,TCP,49046,443,74,S
2026-05-29 05:42:06,192.168.29.53,140.82.112.22,TCP,33862,443,74,S
2026-05-29 05:42:06,140.82.112.22,192.168.29.53,TCP,443,49036,74,SA
2026-05-29 05:42:06,192.168.29.53,140.82.112.22,TCP,49036,443,66,A
2026-05-29 05:42:06,140.82.112.22,192.168.29.53,TCP,443,49046,74,SA
2026-05-29 05:42:06,192.168.29.53,140.82.112.22,TCP,49046,443,66,A
2026-05-29 05:42:06,192.168.29.53,140.82.112.22,TCP,49036,443,1971,PA
2026-05-29 05:42:06,192.168.29.53,140.82.112.22,TCP,49046,443,1971,PA
2026-05-29 05:42:07,34.117.95.95,192.168.29.53,TCP,443,36506,101,PA
2026-05-29 05:42:07,192.168.29.53,34.117.95.95,TCP,36506,443,66,A
2026-05-29 05:42:07,140.82.112.22,192.168.29.53,TCP,443,49036,66,A
2026-05-29 05:42:07,140.82.112.22,192.168.29.53,TCP,443,49036,2914,PA
2026-05-29 05:42:07,140.82.112.22,192.168.29.53,TCP,443,49036,1314,PA
2026-05-29 05:42:07,140.82.112.22,192.168.29.53,TCP,443,33862,74,SA
2026-05-29 05:42:07,140.82.112.22,192.168.29.53,TCP,443,49036,1883,PA
2026-05-29 05:42:07,140.82.112.22,192.168.29.53,TCP,443,49046,66,A
2026-05-29 05:42:07,192.168.29.53,140.82.112.22,TCP,49036,443,66,A
2026-05-29 05:42:07,192.168.29.53,140.82.112.22,TCP,49036,443,66,A
2026-05-29 05:42:07,192.168.29.53,140.82.112.22,TCP,33862,443,66,A
2026-05-29 05:42:07,192.168.29.53,140.82.112.22,TCP,49036,443,66,A
2026-05-29 05:42:07,140.82.112.22,192.168.29.53,TCP,443,49046,2914,PA
2026-05-29 05:42:07,140.82.112.22,192.168.29.53,TCP,443,49046,1314,PA
2026-05-29 05:42:07,140.82.112.22,192.168.29.53,TCP,443,49046,1883,PA
2026-05-29 05:42:07,192.168.29.53,140.82.112.22,TCP,49046,443,66,A
2026-05-29 05:42:07,192.168.29.53,140.82.112.22,TCP,49046,443,66,A
2026-05-29 05:42:07,192.168.29.53,140.82.112.22,TCP,49046,443,66,A
2026-05-29 05:42:07,192.168.29.53,140.82.112.22,TCP,33862,443,1971,PA
2026-05-29 05:42:07,192.168.29.53,140.82.112.22,TCP,49036,443,130,PA
2026-05-29 05:42:07,192.168.29.53,140.82.112.22,TCP,49036,443,158,PA
2026-05-29 05:42:07,192.168.29.53,140.82.112.22,TCP,49036,443,449,PA
2026-05-29 05:42:07,192.168.29.53,140.82.112.22,TCP,49036,443,842,PA
2026-05-29 05:42:07,192.168.29.53,140.82.112.22,TCP,49046,443,130,PA
2026-05-29 05:42:07,192.168.29.53,140.82.112.22,TCP,49046,443,175,PA
2026-05-29 05:42:07,140.82.112.22,192.168.29.53,TCP,443,33862,66,A
2026-05-29 05:42:07,140.82.112.22,192.168.29.53,TCP,443,33862,2914,PA
2026-05-29 05:42:07,140.82.112.22,192.168.29.53,TCP,443,33862,1314,PA
2026-05-29 05:42:07,192.168.29.53,140.82.112.22,TCP,33862,443,66,A
2026-05-29 05:42:07,192.168.29.53,140.82.112.22,TCP,33862,443,66,A
2026-05-29 05:42:07,140.82.112.22,192.168.29.53,TCP,443,33862,1883,PA
2026-05-29 05:42:07,192.168.29.53,140.82.112.22,TCP,33862,443,66,A
2026-05-29 05:42:07,192.168.29.53,140.82.112.22,TCP,33862,443,130,PA
2026-05-29 05:42:07,192.168.29.53,140.82.112.22,TCP,33862,443,175,PA
2026-05-29 05:42:07,140.82.112.22,192.168.29.53,TCP,443,49036,145,PA
2026-05-29 05:42:07,140.82.112.22,192.168.29.53,TCP,443,49036,145,PA
2026-05-29 05:42:07,140.82.112.22,192.168.29.53,TCP,443,49036,130,PA
2026-05-29 05:42:07,140.82.112.22,192.168.29.53,TCP,443,49036,66,A
2026-05-29 05:42:07,192.168.29.53,140.82.112.22,TCP,49036,443,66,A
2026-05-29 05:42:07,192.168.29.53,140.82.112.22,TCP,49036,443,66,A
2026-05-29 05:42:07,192.168.29.53,140.82.112.22,TCP,49036,443,66,A
2026-05-29 05:42:07,192.168.29.53,140.82.112.22,TCP,49036,443,97,PA
2026-05-29 05:42:07,140.82.112.22,192.168.29.53,TCP,443,49036,66,A
2026-05-29 05:42:07,140.82.112.22,192.168.29.53,TCP,443,49036,114,PA
2026-05-29 05:42:07,192.168.29.53,140.82.112.22,TCP,49036,443,66,A
2026-05-29 05:42:07,192.168.29.53,140.82.112.22,TCP,49036,443,176,PA
2026-05-29 05:42:07,192.168.29.53,140.82.112.22,TCP,49036,443,794,PA
2026-05-29 05:42:07,140.82.112.22,192.168.29.53,TCP,443,49046,145,PA
2026-05-29 05:42:07,140.82.112.22,192.168.29.53,TCP,443,49046,145,PA
2026-05-29 05:42:07,140.82.112.22,192.168.29.53,TCP,443,49046,130,PA
2026-05-29 05:42:07,140.82.112.22,192.168.29.53,TCP,443,49046,90,PA
2026-05-29 05:42:07,140.82.112.22,192.168.29.53,TCP,443,49046,66,FA
2026-05-29 05:42:07,192.168.29.53,140.82.112.22,TCP,49046,443,66,A
2026-05-29 05:42:07,192.168.29.53,140.82.112.22,TCP,49046,443,66,A
2026-05-29 05:42:07,192.168.29.53,140.82.112.22,TCP,49046,443,66,A
2026-05-29 05:42:07,192.168.29.53,140.82.112.22,TCP,49046,443,66,A
2026-05-29 05:42:07,192.168.29.53,140.82.112.22,TCP,49046,443,90,PA
2026-05-29 05:42:07,192.168.29.53,140.82.112.22,TCP,49046,443,66,FA
2026-05-29 05:42:07,140.82.112.22,192.168.29.53,TCP,443,33862,145,PA
2026-05-29 05:42:07,140.82.112.22,192.168.29.53,TCP,443,33862,145,PA
2026-05-29 05:42:07,140.82.112.22,192.168.29.53,TCP,443,33862,130,PA
2026-05-29 05:42:07,140.82.112.22,192.168.29.53,TCP,443,33862,90,PA
2026-05-29 05:42:07,140.82.112.22,192.168.29.53,TCP,443,33862,66,FA
2026-05-29 05:42:07,192.168.29.53,140.82.112.22,TCP,33862,443,90,PA
2026-05-29 05:42:07,192.168.29.53,140.82.112.22,TCP,33862,443,66,FA
2026-05-29 05:42:07,140.82.112.22,192.168.29.53,TCP,443,49036,66,A
2026-05-29 05:42:07,140.82.112.22,192.168.29.53,TCP,443,49036,66,A
2026-05-29 05:42:07,140.82.112.22,192.168.29.53,TCP,443,49036,66,A
2026-05-29 05:42:07,140.82.112.22,192.168.29.53,TCP,443,49036,114,PA
2026-05-29 05:42:07,140.82.112.22,192.168.29.53,TCP,443,49046,60,R
2026-05-29 05:42:07,192.168.29.53,140.82.112.22,TCP,49036,443,66,A
2026-05-29 05:42:08,140.82.112.22,192.168.29.53,TCP,443,49036,372,PA
2026-05-29 05:42:08,140.82.112.22,192.168.29.53,TCP,443,33862,60,R
2026-05-29 05:42:08,192.168.29.53,140.82.112.22,TCP,49036,443,66,A
2026-05-29 05:42:08,192.168.29.1,224.0.0.1,OTHER,0,0,60,
2026-05-29 05:42:08,140.82.112.22,192.168.29.53,TCP,443,49036,557,PA
2026-05-29 05:42:08,192.168.29.53,140.82.112.22,TCP,49036,443,66,A
